product_id,seller_id,product_name,product_category,stock_quantity,price,quantity_sold,trend_score,days_in_inventory,sales_revenue,reorder_threshold,competitor_price,profit_margin,customer_purchase_frequency
P1628,S915,Smartwatch,Accessories,67,1435.11,45,65.13,91,64579.95,11,1659.34,397.28,9
P9358,S981,Headphones,Electronics,317,1575.15,244,55.0,236,384336.6,125,1513.37,540.39,9
P8464,S684,Smartwatch,Gadgets,243,1580.43,275,92.15,85,434618.25,80,1506.87,255.6,1
P1005,S719,Camera,Gadgets,326,843.61,173,19.07,110,145944.53,112,817.36,90.21,4
P9049,S283,Headphones,Electronics,456,1572.26,149,36.19,355,234266.74,94,1604.98,230.8,12
P8291,S652,Smartwatch,Gadgets,371,410.04,177,71.31,85,72577.08,129,474.46,154.54,15
P5653,S511,Camera,Electronics,196,989.47,50,34.2,352,49473.5,28,943.49,332.03,15
P2012,S502,Smartphone,Accessories,104,179.29,272,90.47,50,48766.88,48,163.33,51.02,18
P8645,S248,Camera,Gadgets,362,1505.16,297,56.6,305,447032.52,105,1745.99,473.95,14
P6069,S487,Headphones,Wearable Tech,34,1269.69,235,8.17,133,298377.15,6,1401.12,146.46,16
P3974,S260,Headphones,Accessories,479,1354.97,105,98.6,324,142271.85,56,1612.42,479.62,20
P7616,S478,Tablet,Electronics,241,1717.97,222,39.29,21,381389.34,25,1884.88,446.97,6
P2352,S884,Tablet,Electronics,478,1535.67,265,86.83,165,406952.55,200,1517.24,311.88,20
P9133,S246,Smartwatch,Wearable Tech,407,356.4,296,23.29,130,105494.4,148,395.7,119.45,10
P2781,S566,Smartwatch,Accessories,289,1375.23,191,59.22,294,262668.93,119,1479.4,207.78,9
P7859,S837,Smartphone,Wearable Tech,7,1845.56,200,76.45,33,369112.0,1,1993.15,341.78,5
P2460,S430,Headphones,Gadgets,332,1200.94,43,87.26,23,51640.42,141,1109.19,439.89,13
P1687,S737,Headphones,Accessories,295,334.97,1,77.95,325,334.97,136,314.5,63.2,13
P8633,S887,Smartwatch,Accessories,219,616.05,272,61.81,247,167565.6,82,720.17,171.12,4
P2807,S212,Smartwatch,Accessories,7,1760.37,76,30.85,336,133788.12,0,2043.47,361.34,11
P1277,S652,Camera,Wearable Tech,234,1303.69,195,19.84,42,254219.55,84,1490.91,197.99,15
P1271,S468,Tablet,Gadgets,309,929.63,11,48.04,19,10225.93,70,965.07,358.34,5
P1489,S908,Camera,Gadgets,86,449.3,195,61.85,194,87613.5,38,474.07,110.88,5
P4250,S984,Headphones,Electronics,166,659.85,276,50.32,98,182118.6,78,719.86,148.36,20
P6993,S464,Tablet,Electronics,460,212.86,243,7.14,30,51724.98,171,217.93,75.88,20
P3909,S162,Tablet,Wearable Tech,198,1768.72,259,94.5,15,458098.48,74,1666.22,569.4,8
P5872,S828,Camera,Wearable Tech,268,1782.16,44,72.23,248,78415.04,47,2133.81,286.88,5
P9396,S688,Headphones,Electronics,106,1781.98,155,45.39,316,276206.9,21,2010.46,341.45,1
P1686,S172,Camera,Wearable Tech,355,405.15,70,31.59,204,28360.5,47,428.56,78.95,6
P7151,S311,Laptop,Wearable Tech,32,993.22,64,94.76,314,63566.08,5,955.22,370.95,4
P8676,S492,Smartwatch,Gadgets,226,839.51,96,62.61,139,80592.96,41,822.49,144.92,2
P5001,S439,Camera,Wearable Tech,56,203.0,16,97.94,66,3248.0,7,227.67,44.45,9
P5774,S993,Tablet,Accessories,208,1355.28,89,5.01,38,120619.92,35,1279.47,393.97,10
P7448,S868,Camera,Electronics,59,730.7,45,33.86,64,32881.5,27,808.58,278.08,19
P6954,S923,Tablet,Wearable Tech,447,1838.24,135,82.67,125,248162.4,221,2126.37,469.8,13
P2572,S905,Headphones,Electronics,206,81.42,298,96.0,293,24263.16,97,83.27,21.32,8
P9372,S908,Camera,Gadgets,122,1312.16,234,20.51,178,307045.44,49,1358.04,404.18,8
P9512,S505,Smartwatch,Accessories,244,409.02,99,70.27,247,40492.98,113,406.42,121.1,13
P1963,S967,Headphones,Accessories,463,1190.19,154,63.5,110,183289.26,54,1326.0,228.57,14
P6664,S651,Smartphone,Wearable Tech,471,779.58,21,24.55,108,16371.18,119,755.75,90.65,9
P1006,S631,Camera,Wearable Tech,162,349.72,29,58.42,2,10141.88,41,414.22,127.18,14
P2534,S861,Smartwatch,Electronics,411,1875.86,297,71.84,159,557130.42,182,1983.09,698.25,9
P9059,S714,Tablet,Gadgets,342,570.63,277,64.02,233,158064.51,47,576.34,216.45,8
P6199,S888,Camera,Accessories,464,869.03,61,18.76,125,53010.83,58,788.3,141.34,6
P7366,S309,Smartphone,Electronics,114,573.94,206,46.01,148,118231.64,53,584.69,225.58,7
P6822,S288,Smartwatch,Accessories,486,1404.28,199,48.27,142,279451.72,116,1659.75,461.17,9
P6382,S892,Smartphone,Accessories,373,1410.68,262,6.03,336,369598.16,93,1283.61,303.89,10
P8001,S914,Smartwatch,Electronics,28,1678.92,5,45.16,234,8394.6,2,1511.89,668.52,14
P2760,S488,Camera,Gadgets,462,1400.46,190,6.78,224,266087.4,131,1546.46,451.26,19
P9644,S858,Headphones,Gadgets,373,1653.92,135,48.56,44,223279.2,168,1933.22,234.81,19
P6165,S176,Laptop,Accessories,218,876.21,79,45.42,4,69220.59,80,826.73,228.87,7
P3739,S804,Tablet,Accessories,358,98.29,61,36.87,28,5995.69,85,94.83,27.72,11
P7211,S118,Tablet,Accessories,473,1405.9,105,7.42,297,147619.5,224,1667.16,167.65,2
P6102,S286,Camera,Gadgets,32,504.56,272,69.86,295,137240.32,10,498.86,165.51,20
P2913,S477,Camera,Wearable Tech,496,1473.53,223,6.4,37,328597.19,189,1564.41,483.77,8
P5679,S696,Smartphone,Wearable Tech,248,372.31,131,43.79,69,48772.61,83,360.93,69.38,2
P3730,S206,Camera,Wearable Tech,87,436.47,212,8.31,286,92531.64,22,521.69,71.93,15
P7123,S856,Camera,Accessories,470,1587.96,86,18.58,64,136564.56,178,1606.01,226.16,1
P2306,S608,Laptop,Wearable Tech,143,1309.56,76,70.66,94,99526.56,34,1392.98,424.2,7
P8154,S977,Camera,Electronics,52,749.67,119,32.52,139,89210.73,25,881.64,265.25,17
P1120,S146,Laptop,Electronics,33,1299.89,214,52.01,332,278176.46,3,1176.55,495.62,20
P2821,S375,Tablet,Accessories,265,1432.83,232,29.91,182,332416.56,62,1569.9,509.6,20
P7047,S276,Tablet,Accessories,295,1107.38,76,5.45,325,84160.88,108,1297.36,356.26,15
P1014,S966,Laptop,Gadgets,313,979.09,86,86.5,305,84201.74,73,1162.17,236.7,5
P4722,S108,Camera,Accessories,410,1084.49,177,57.65,28,191954.73,101,1227.68,291.91,5
P7513,S497,Tablet,Accessories,36,1053.46,148,29.25,65,155912.08,11,982.86,131.81,11
P1516,S706,Smartphone,Accessories,205,808.54,176,49.93,105,142303.04,96,754.07,235.28,2
P3218,S996,Smartwatch,Electronics,299,231.13,12,99.55,185,2773.56,132,242.22,57.42,12
P2329,S666,Smartphone,Electronics,431,1994.43,282,36.75,22,562429.26,188,2015.76,490.66,15
P5538,S283,Laptop,Electronics,108,977.19,0,63.12,178,0.0,14,904.36,284.78,14
P7068,S322,Laptop,Accessories,416,1336.7,198,53.48,132,264666.6,148,1402.82,507.27,8
P9909,S151,Camera,Electronics,469,584.05,81,79.54,45,47308.05,84,561.01,229.89,17
P4516,S175,Headphones,Wearable Tech,82,249.87,297,60.16,191,74211.39,12,252.15,62.07,2
P3791,S884,Camera,Wearable Tech,58,1773.44,78,28.17,355,138328.32,20,1870.76,383.25,20
P3407,S384,Smartwatch,Accessories,141,839.59,232,97.32,161,194784.88,30,800.29,103.65,10
P5878,S927,Laptop,Accessories,471,1472.53,275,71.05,348,404945.75,113,1606.36,150.89,4
P2598,S668,Smartphone,Gadgets,402,1591.74,37,98.15,250,58894.38,199,1492.0,553.91,5
P7053,S257,Camera,Accessories,169,823.02,295,38.75,363,242790.9,74,892.32,294.21,5
P7977,S319,Headphones,Gadgets,417,275.62,1,5.57,363,275.62,130,254.32,61.68,17
P5364,S338,Smartphone,Accessories,308,483.79,158,5.6,191,76438.82,94,494.65,149.94,14
P5944,S853,Tablet,Accessories,384,782.2,223,25.88,146,174430.6,92,788.0,179.07,2
P8712,S733,Laptop,Wearable Tech,132,443.84,242,81.39,8,107409.28,32,436.28,59.28,20
P7531,S633,Smartwatch,Gadgets,42,1002.43,177,7.95,65,177430.11,14,1190.64,313.72,15
P6192,S981,Laptop,Accessories,376,1900.32,71,1.06,199,134922.72,101,1922.41,586.46,17
P5072,S969,Smartwatch,Electronics,82,1319.33,47,91.75,11,62008.51,28,1515.5,166.77,13
P3691,S353,Laptop,Wearable Tech,25,1348.46,77,35.9,358,103831.42,5,1330.69,211.19,11
P5913,S549,Headphones,Accessories,380,864.64,41,8.99,116,35450.24,137,984.51,333.63,15
P8050,S525,Laptop,Wearable Tech,48,1006.4,270,63.14,186,271728.0,7,1107.68,270.37,6
P1234,S982,Smartwatch,Wearable Tech,12,1129.3,145,12.06,254,163748.5,2,1233.6,448.52,11
P4743,S137,Laptop,Wearable Tech,77,602.85,138,57.19,142,83193.3,8,545.96,96.16,13
P3623,S926,Smartphone,Gadgets,285,313.47,210,57.95,48,65828.7,127,323.64,62.96,3
P6428,S464,Smartphone,Accessories,336,348.71,160,39.12,46,55793.6,147,382.65,77.35,20
P5191,S654,Headphones,Gadgets,120,1618.12,258,5.96,158,417474.96,51,1857.67,578.06,5
P2703,S823,Smartphone,Accessories,62,907.88,39,37.87,280,35407.32,9,943.78,248.49,4
P1307,S892,Tablet,Electronics,311,324.94,167,79.52,178,54264.98,107,302.45,121.77,19
P5427,S732,Camera,Electronics,424,1105.76,44,44.36,200,48653.44,58,1209.61,414.61,18
P8669,S742,Smartwatch,Electronics,346,237.47,278,21.41,269,66016.66,159,273.07,90.5,1
P9851,S702,Camera,Electronics,172,900.98,215,83.18,126,193710.7,53,860.24,303.95,15
P3699,S475,Tablet,Electronics,58,1238.48,42,53.01,304,52016.16,9,1475.38,383.93,10
P7051,S129,Smartphone,Wearable Tech,139,1230.19,108,79.8,229,132860.52,59,1399.12,452.57,14
P5686,S743,Smartphone,Electronics,141,1804.59,101,67.64,99,182263.59,40,1861.55,427.01,19
P3218,S871,Camera,Accessories,316,875.15,79,83.14,207,69136.85,122,933.01,216.91,5
P2214,S312,Smartwatch,Electronics,436,286.97,85,19.86,259,24392.45,77,332.05,39.96,12
P4997,S856,Smartwatch,Electronics,184,734.14,211,62.68,100,154903.54,40,692.17,111.98,18
P6340,S936,Laptop,Accessories,119,98.3,136,93.17,144,13368.8,14,99.53,10.46,16
P1147,S641,Smartphone,Electronics,216,134.79,110,51.28,290,14826.9,100,160.83,34.75,20
P3561,S699,Tablet,Accessories,217,1024.98,45,92.06,179,46124.1,53,1054.66,378.43,20
P9786,S737,Laptop,Wearable Tech,392,1650.66,15,54.45,244,24759.9,68,1977.33,254.75,3
P9330,S842,Smartwatch,Wearable Tech,128,1438.29,281,45.2,304,404159.49,28,1380.68,489.91,15
P7341,S949,Headphones,Wearable Tech,34,659.32,23,30.96,17,15164.36,15,755.6,251.56,2
P5121,S772,Smartwatch,Electronics,188,502.01,248,73.85,283,124498.48,36,600.02,77.02,19
P4387,S516,Smartwatch,Electronics,346,166.56,10,43.73,6,1665.6,130,176.72,53.18,10
P8456,S257,Headphones,Gadgets,6,638.85,253,23.23,307,161629.05,2,580.2,244.0,15
P6532,S273,Tablet,Gadgets,346,984.65,173,57.59,26,170344.45,161,1061.86,380.46,8
P2843,S257,Headphones,Gadgets,252,1876.38,277,50.22,325,519757.26,99,1910.55,194.05,17
P7230,S140,Smartphone,Wearable Tech,122,1248.1,54,50.98,120,67397.4,42,1349.07,300.6,13
P2514,S442,Smartwatch,Wearable Tech,224,1956.27,197,54.85,40,385385.19,61,2067.44,475.63,12
P6839,S542,Camera,Gadgets,80,378.04,113,89.22,212,42718.52,33,443.9,41.41,3
P6049,S573,Camera,Wearable Tech,75,555.51,255,72.02,268,141655.05,20,541.08,214.96,9
P2905,S347,Camera,Wearable Tech,27,739.11,29,24.54,278,21434.19,12,699.68,75.62,16
P1541,S500,Smartphone,Electronics,463,982.99,105,60.11,90,103213.95,59,944.6,212.03,12
P7662,S572,Tablet,Accessories,403,106.79,256,83.27,277,27338.24,108,121.83,11.99,13
P1891,S599,Smartwatch,Electronics,362,1721.16,288,35.3,358,495694.08,105,1835.69,652.86,15
P8643,S215,Tablet,Electronics,413,61.53,193,79.55,179,11875.29,100,73.41,12.92,9
P5837,S882,Smartwatch,Wearable Tech,451,465.02,243,69.06,267,112999.86,140,503.57,93.09,11
P3528,S647,Headphones,Wearable Tech,70,134.77,99,76.94,187,13342.23,26,129.8,48.56,13
P1739,S569,Laptop,Gadgets,469,1549.37,216,58.02,158,334663.92,131,1511.39,314.53,4
P3417,S781,Smartphone,Gadgets,458,1401.92,228,39.87,257,319637.76,77,1385.15,174.36,12
P9563,S620,Tablet,Gadgets,214,335.09,81,70.7,189,27142.29,28,322.94,123.23,14
P7291,S753,Camera,Electronics,66,1257.0,51,50.01,97,64107.0,16,1195.09,284.29,9
P6834,S355,Headphones,Wearable Tech,314,999.02,29,52.59,161,28971.58,33,1037.91,105.42,6
P1675,S525,Laptop,Accessories,282,508.96,96,70.14,266,48860.16,131,520.39,141.53,19
P7388,S410,Smartwatch,Electronics,124,893.58,242,13.78,125,216246.36,60,854.3,283.65,2
P8948,S931,Smartwatch,Electronics,156,1541.3,177,22.0,257,272810.1,62,1754.99,172.81,19
P7044,S594,Smartphone,Gadgets,218,1290.37,149,27.61,13,192265.13,38,1424.61,448.3,19
P5567,S931,Headphones,Wearable Tech,468,1879.58,216,55.02,260,405989.28,160,1711.22,211.95,12
P2059,S393,Laptop,Gadgets,344,1242.01,146,52.67,219,181333.46,161,1415.17,426.63,13
P9753,S760,Camera,Gadgets,400,457.11,187,70.97,244,85479.57,98,418.44,108.59,17
P1884,S578,Tablet,Electronics,460,1345.51,26,37.4,127,34983.26,53,1581.78,504.33,11
P2546,S238,Laptop,Wearable Tech,264,533.3,10,54.62,201,5333.0,80,506.56,191.12,4
P4387,S761,Smartwatch,Gadgets,47,1302.01,200,19.25,229,260402.0,15,1254.23,334.58,10
P5156,S496,Smartphone,Accessories,96,1668.72,92,11.87,313,153522.24,10,1865.43,520.5,6
P6660,S971,Camera,Electronics,200,1367.74,121,39.46,244,165496.54,98,1578.31,300.65,3
P2447,S134,Laptop,Electronics,138,1810.31,192,56.52,87,347579.52,64,2003.52,319.42,11
P1869,S562,Camera,Accessories,147,797.94,29,56.86,80,23140.26,52,922.36,160.04,3
P3972,S982,Tablet,Wearable Tech,338,72.19,275,1.52,334,19852.25,141,69.95,17.0,9
P9781,S875,Headphones,Accessories,190,1846.65,198,53.34,129,365636.7,20,1809.74,241.99,15
P7019,S370,Camera,Gadgets,337,690.35,271,40.4,54,187084.85,37,685.9,194.88,8
P4231,S421,Camera,Electronics,462,775.94,276,63.68,170,214159.44,125,772.66,257.35,12
P2274,S692,Headphones,Electronics,471,927.06,258,90.47,342,239181.48,183,882.72,331.66,8
P6231,S290,Laptop,Wearable Tech,159,1322.16,137,9.1,34,181135.92,31,1208.45,514.48,19
P4449,S552,Smartphone,Electronics,17,139.97,165,45.56,312,23095.05,7,144.5,20.68,9
P6543,S206,Smartwatch,Wearable Tech,434,1659.04,182,26.02,101,301945.28,61,1814.41,661.72,11
P4716,S151,Laptop,Wearable Tech,409,819.33,42,29.6,48,34411.86,145,974.42,271.94,6
P8866,S642,Headphones,Wearable Tech,176,1861.02,162,36.27,247,301485.24,71,2031.11,712.95,8
P2037,S818,Tablet,Electronics,110,355.36,171,30.82,341,60766.56,18,388.87,58.21,9
P4182,S311,Smartwatch,Electronics,467,1407.36,158,22.03,38,222362.88,205,1625.07,420.71,11
P2256,S740,Camera,Accessories,248,1127.28,205,17.43,133,231092.4,54,1069.69,335.3,19
P7240,S194,Headphones,Accessories,292,1870.54,124,85.39,129,231946.96,68,2148.97,528.2,15
P6725,S645,Camera,Gadgets,310,894.59,236,65.39,73,211123.24,118,843.04,204.56,7
P2003,S852,Camera,Electronics,425,941.04,153,97.0,205,143979.12,157,1064.91,158.27,13
P5522,S267,Smartwatch,Accessories,353,1716.37,129,99.08,64,221411.73,89,1951.12,383.47,18
P1803,S116,Camera,Gadgets,258,264.33,270,32.01,303,71369.1,97,249.41,32.48,12
P8397,S735,Smartwatch,Accessories,344,1612.04,64,89.67,359,103170.56,38,1555.6,300.41,20
P7897,S395,Smartwatch,Wearable Tech,352,1423.04,268,75.83,157,381374.72,141,1610.52,240.57,15
P6860,S253,Smartwatch,Accessories,221,1133.55,49,5.07,86,55543.95,43,1041.9,250.09,14
P9587,S734,Camera,Electronics,342,822.71,15,13.57,187,12340.65,63,830.84,194.69,2
P3328,S142,Smartwatch,Gadgets,204,746.87,140,51.57,240,104561.8,88,819.71,118.21,7
P8897,S638,Tablet,Accessories,453,117.28,145,21.79,265,17005.6,217,132.17,20.79,2
P9740,S380,Smartphone,Gadgets,288,163.63,297,8.7,288,48598.11,57,152.77,55.26,1
P7312,S547,Tablet,Electronics,441,564.44,198,46.57,69,111759.12,181,547.75,211.1,13
P4915,S248,Smartphone,Accessories,393,1760.61,258,35.29,208,454237.38,152,2072.13,653.69,5
P7466,S369,Smartphone,Accessories,498,331.66,268,35.79,40,88884.88,64,323.66,74.14,17
P8452,S330,Laptop,Electronics,340,468.71,211,54.14,165,98897.81,120,519.92,68.81,8
P1110,S850,Smartphone,Gadgets,71,1426.56,203,61.46,243,289591.68,26,1501.69,211.22,15
P5324,S511,Smartphone,Wearable Tech,272,574.36,238,62.97,183,136697.68,65,523.05,78.42,8
P7931,S484,Laptop,Accessories,355,1651.37,173,19.57,95,285687.01,87,1828.61,528.39,6
P8781,S359,Smartwatch,Wearable Tech,372,183.51,226,62.33,59,41473.26,135,176.29,60.14,15
P1341,S898,Headphones,Gadgets,444,1788.35,269,23.25,28,481066.15,148,1932.01,255.92,15
P9053,S283,Smartwatch,Electronics,342,343.76,163,67.27,136,56032.88,163,368.91,67.73,10
P9618,S602,Camera,Electronics,313,436.57,19,54.51,45,8294.83,66,511.19,157.03,9
P4065,S227,Laptop,Gadgets,494,1685.17,136,87.7,277,229183.12,167,1952.96,370.59,18
P6218,S487,Smartphone,Gadgets,76,345.12,142,62.39,161,49007.04,11,333.72,35.44,10
P9610,S611,Smartwatch,Accessories,22,740.27,258,78.38,74,190989.66,5,758.91,227.94,5
P7116,S114,Laptop,Electronics,429,793.5,32,92.16,75,25392.0,59,940.66,121.04,16
P2768,S345,Laptop,Gadgets,9,1935.93,248,13.26,277,480110.64,2,2263.73,752.06,19
P3380,S207,Smartwatch,Accessories,263,1371.83,104,81.55,252,142670.32,113,1398.21,419.96,5
P9141,S324,Headphones,Gadgets,17,997.03,4,53.21,76,3988.12,2,901.51,363.47,7
P8337,S900,Headphones,Gadgets,63,1205.76,19,64.7,14,22909.44,27,1289.36,287.73,3
P9202,S511,Laptop,Accessories,463,548.33,128,38.5,151,70186.24,72,581.86,60.19,10
P4965,S976,Laptop,Electronics,151,467.17,9,74.63,95,4204.53,43,427.06,68.71,5
P6922,S935,Smartphone,Wearable Tech,200,1653.81,198,55.17,276,327454.38,51,1717.1,553.57,11
P2073,S735,Laptop,Accessories,485,392.25,53,84.51,155,20789.25,60,454.04,131.34,6
P7383,S538,Camera,Electronics,333,1613.96,247,43.48,292,398648.12,88,1573.73,312.49,2
P4563,S330,Camera,Wearable Tech,340,1009.07,238,92.01,154,240158.66,160,912.84,123.68,20
P5126,S639,Laptop,Electronics,335,423.9,245,89.64,337,103855.5,44,440.04,97.16,14
P3178,S128,Smartphone,Electronics,454,358.21,5,98.36,224,1791.05,102,345.49,142.96,9
P8508,S868,Headphones,Gadgets,469,1970.27,227,91.64,44,447251.29,205,2193.61,638.86,18
P9883,S325,Headphones,Accessories,114,883.58,206,43.73,215,182017.48,55,1025.16,258.05,5
P5758,S978,Tablet,Electronics,361,749.19,139,61.87,140,104137.41,143,863.86,200.3,17
P7813,S153,Camera,Gadgets,238,134.28,283,21.78,146,38001.24,35,154.41,17.61,8
P2642,S540,Headphones,Gadgets,295,1683.12,299,31.88,269,503252.88,115,1806.89,394.96,15
P5150,S410,Smartwatch,Electronics,169,1539.94,30,96.13,26,46198.2,60,1511.17,243.36,18
P4452,S969,Smartwatch,Accessories,22,552.4,142,82.99,196,78440.8,2,593.77,163.17,4
P7128,S868,Smartphone,Accessories,62,464.65,74,47.18,221,34384.1,13,459.85,152.04,14
P9584,S474,Camera,Gadgets,377,244.2,242,91.84,197,59096.4,164,267.87,82.52,10
P1852,S968,Smartwatch,Accessories,92,496.62,134,17.3,47,66547.08,28,534.45,181.4,2
P2785,S833,Smartphone,Accessories,28,1469.68,152,23.66,274,223391.36,5,1379.98,164.41,19
P7429,S638,Camera,Wearable Tech,103,451.79,7,31.76,341,3162.53,38,423.0,94.9,15
P7894,S119,Camera,Accessories,119,1120.59,278,51.01,170,311524.02,51,1237.91,377.57,13
P6471,S158,Headphones,Wearable Tech,267,92.24,101,60.4,235,9316.24,130,107.03,36.54,15
P9710,S414,Camera,Accessories,218,1497.32,282,23.61,91,422244.24,79,1670.42,475.57,6
P5107,S229,Laptop,Electronics,149,1088.76,49,37.24,126,53349.24,61,1144.4,116.86,9
P2220,S629,Camera,Electronics,239,1702.88,23,52.41,261,39166.24,113,1635.3,443.01,8
P6335,S765,Smartphone,Gadgets,68,437.88,182,61.87,69,79694.16,7,478.27,70.92,19
P9828,S981,Laptop,Accessories,375,229.19,189,67.09,323,43316.91,55,252.81,77.27,11
P8362,S298,Headphones,Wearable Tech,89,1223.46,120,67.83,347,146815.2,20,1428.11,306.37,12
P3505,S250,Laptop,Gadgets,273,453.53,129,88.73,198,58505.37,129,462.54,64.11,12
P3179,S265,Laptop,Gadgets,342,594.38,4,5.43,152,2377.52,133,678.11,96.87,16
P7544,S890,Headphones,Accessories,293,1726.7,58,1.08,63,100148.6,51,1912.78,416.44,9
P3898,S873,Headphones,Gadgets,490,1817.66,21,18.06,39,38170.86,195,2037.96,660.83,11
P2454,S692,Tablet,Electronics,379,1595.4,148,68.68,224,236119.2,180,1647.08,188.45,20
P1012,S347,Laptop,Electronics,249,1914.89,53,50.11,195,101489.17,98,2098.81,312.82,15
P8054,S624,Laptop,Electronics,157,546.62,68,75.83,148,37170.16,61,590.71,166.65,7
P1955,S152,Smartwatch,Accessories,33,1203.99,70,55.19,176,84279.3,7,1303.14,178.75,7
P4886,S751,Laptop,Wearable Tech,381,941.51,219,88.88,194,206190.69,90,1011.02,250.41,8
P8408,S248,Laptop,Electronics,135,190.05,48,77.91,38,9122.4,62,176.53,46.75,19
P3208,S705,Smartphone,Electronics,89,1798.3,295,75.54,325,530498.5,25,1990.84,244.69,19
P7560,S625,Tablet,Wearable Tech,24,430.39,280,89.99,37,120509.2,11,434.08,60.28,19
P7607,S237,Smartwatch,Gadgets,316,554.84,32,46.73,290,17754.88,128,546.52,69.75,2
P8423,S868,Headphones,Electronics,130,1501.99,40,39.0,210,60079.6,45,1370.65,332.83,10
P2623,S975,Camera,Gadgets,153,939.25,56,90.83,247,52598.0,57,1039.87,132.79,6
P7452,S669,Camera,Accessories,215,761.77,43,91.2,1,32756.11,93,787.74,290.84,3
P4247,S277,Smartwatch,Electronics,27,1204.64,17,27.02,215,20478.88,10,1127.93,470.05,10
P3033,S583,Tablet,Electronics,499,423.2,16,75.14,64,6771.2,77,475.97,117.02,14
P5518,S420,Camera,Electronics,226,1753.31,76,40.26,1,133251.56,71,1630.49,582.67,16
P5370,S533,Tablet,Gadgets,207,1085.48,94,89.44,178,102035.12,59,1075.04,166.77,13
P8653,S729,Camera,Wearable Tech,31,1497.16,12,96.74,84,17965.92,8,1475.05,250.04,14
P1020,S638,Smartphone,Gadgets,149,1715.64,209,95.14,9,358568.76,51,1850.25,478.55,17
P8281,S708,Headphones,Gadgets,481,1895.53,19,79.62,225,36015.07,120,1815.94,675.72,4
P3491,S296,Smartwatch,Gadgets,394,320.93,8,70.38,171,2567.44,116,296.87,87.6,11
P7311,S147,Smartphone,Gadgets,342,347.1,196,7.01,149,68031.6,85,341.34,36.95,18
P9799,S196,Smartphone,Gadgets,441,986.72,150,10.53,198,148008.0,212,1081.6,278.83,3
P5971,S660,Smartphone,Wearable Tech,429,210.2,204,13.73,43,42880.8,49,203.61,80.52,5
P2943,S916,Camera,Wearable Tech,30,970.41,281,10.32,248,272685.21,12,1063.11,240.32,1
P3929,S810,Tablet,Gadgets,61,653.11,220,40.48,353,143684.2,22,737.79,217.6,14
P1600,S530,Camera,Wearable Tech,78,982.68,285,38.22,74,280063.8,35,947.16,314.76,3
P2792,S490,Headphones,Gadgets,143,529.89,219,46.92,44,116045.91,50,611.29,157.03,7
P1630,S195,Smartphone,Accessories,35,1122.64,123,93.91,114,138084.72,7,1092.13,301.54,2
P5518,S311,Tablet,Gadgets,422,1517.81,74,91.79,237,112317.94,86,1664.71,419.08,16
P4939,S555,Headphones,Gadgets,434,267.32,115,21.07,1,30741.8,132,302.93,100.61,13
P6838,S332,Laptop,Wearable Tech,269,1909.4,153,50.92,9,292138.2,103,1979.44,196.19,15
P9343,S770,Camera,Accessories,264,1174.68,128,85.37,293,150359.04,109,1347.0,299.28,1
P1529,S154,Laptop,Gadgets,473,470.77,173,15.26,81,81443.21,137,531.88,142.96,17
P1632,S130,Headphones,Accessories,341,1676.22,150,0.05,343,251433.0,144,1999.78,175.94,4
P1221,S904,Laptop,Gadgets,383,1631.3,96,34.45,83,156604.8,114,1549.9,394.46,13
P1476,S297,Tablet,Gadgets,18,927.18,256,80.13,102,237358.08,2,874.8,100.76,15
P1416,S962,Camera,Electronics,40,880.33,193,19.07,38,169903.69,15,794.79,132.71,15
P8915,S856,Headphones,Electronics,95,353.63,36,80.15,231,12730.68,41,324.3,76.01,20
P5486,S497,Smartphone,Accessories,472,1401.62,185,58.69,185,259299.7,93,1492.33,382.25,15
P3270,S223,Headphones,Wearable Tech,292,886.22,287,16.28,26,254345.14,121,992.7,302.13,17
P6374,S857,Tablet,Wearable Tech,9,445.25,209,46.51,294,93057.25,1,478.39,133.16,6
P6441,S269,Smartphone,Gadgets,253,462.51,177,8.44,53,81864.27,51,526.4,104.24,9
P3574,S790,Tablet,Electronics,364,646.62,48,91.36,132,31037.76,118,605.77,180.76,12
P3877,S448,Smartwatch,Accessories,380,1947.19,126,44.4,52,245345.94,43,2012.8,235.3,8
P9692,S109,Headphones,Wearable Tech,351,1156.03,247,68.36,189,285539.41,141,1186.94,336.51,8
P8177,S686,Laptop,Wearable Tech,480,521.31,57,26.02,330,29714.67,231,488.22,87.52,19
P3530,S587,Camera,Electronics,163,1309.95,89,68.5,155,116585.55,20,1500.24,449.41,17
P9383,S358,Headphones,Gadgets,137,313.52,166,87.09,296,52044.32,35,305.63,67.73,9
P9008,S725,Headphones,Gadgets,5,595.92,82,51.65,179,48865.44,2,597.21,181.96,7
P7180,S939,Laptop,Wearable Tech,357,1557.16,155,14.77,168,241359.8,123,1681.74,479.17,1
P1150,S704,Smartwatch,Gadgets,477,1013.48,86,30.25,232,87159.28,171,1055.85,286.32,5
P5853,S745,Laptop,Accessories,185,829.07,276,12.65,78,228823.32,39,954.44,176.99,12
P9657,S892,Laptop,Accessories,139,446.91,288,4.92,184,128710.08,44,494.06,166.84,1
P3773,S279,Smartphone,Gadgets,317,1856.14,224,14.64,352,415775.36,36,1855.77,544.46,9
P3857,S558,Smartphone,Accessories,267,1571.79,221,80.99,292,347365.59,79,1709.46,294.87,15
P4354,S960,Smartwatch,Electronics,182,1691.17,74,51.54,170,125146.58,44,1880.6,522.42,10
P2082,S828,Tablet,Accessories,248,360.21,63,31.82,40,22693.23,70,427.68,62.48,18
P6584,S742,Smartphone,Gadgets,297,684.31,264,54.05,222,180657.84,99,671.47,254.33,14
P4143,S843,Smartphone,Electronics,272,291.17,64,46.5,64,18634.88,127,302.86,98.28,6
P8601,S440,Smartphone,Electronics,171,385.89,62,12.77,278,23925.18,21,457.27,109.44,3
P3370,S880,Tablet,Gadgets,477,1713.39,42,81.38,116,71962.38,234,1584.71,666.4,3
P6369,S514,Smartwatch,Accessories,132,229.52,38,95.63,249,8721.76,52,263.93,31.08,5
P9168,S450,Laptop,Electronics,134,1153.88,213,73.91,284,245776.44,31,1164.19,448.2,19
P2263,S167,Smartwatch,Accessories,167,1291.65,34,46.21,57,43916.1,40,1165.89,181.95,15
P8567,S868,Camera,Wearable Tech,311,201.24,98,10.23,293,19721.52,62,228.34,78.69,2
P5265,S411,Smartphone,Accessories,159,1133.64,116,50.39,269,131502.24,43,1025.04,285.03,6
P5820,S169,Smartphone,Electronics,58,174.08,75,35.67,276,13056.0,25,197.2,37.69,9
P5876,S578,Camera,Accessories,280,1118.64,292,6.94,322,326642.88,61,1265.45,187.95,6
P4934,S705,Smartphone,Gadgets,401,531.8,266,0.43,325,141458.8,124,620.4,140.43,7
P3077,S642,Tablet,Gadgets,261,203.24,27,14.01,195,5487.48,122,212.05,37.95,5
P2662,S248,Smartwatch,Gadgets,366,318.03,148,56.08,28,47068.44,38,339.05,127.18,9
P4808,S943,Camera,Gadgets,68,606.89,298,40.64,348,180853.22,12,623.59,175.06,3
P1150,S476,Smartphone,Electronics,242,207.2,97,93.54,154,20098.4,82,207.86,51.86,4
P2932,S471,Camera,Accessories,465,1755.74,135,10.1,77,237024.9,79,2091.74,495.13,3
P2647,S963,Smartwatch,Gadgets,189,1117.27,206,38.48,332,230157.62,80,1282.36,145.19,17
P1412,S854,Smartwatch,Gadgets,410,1013.14,218,36.12,252,220864.52,49,1174.79,347.19,19
P7803,S682,Headphones,Electronics,278,504.85,285,0.81,297,143882.25,134,517.61,69.6,12
P9252,S124,Camera,Wearable Tech,260,543.85,258,90.16,255,140313.3,111,578.3,101.08,10
P5630,S508,Headphones,Electronics,38,844.7,177,81.18,109,149511.9,11,992.42,318.69,20
P3440,S463,Headphones,Gadgets,292,1277.24,269,9.21,199,343577.56,48,1299.95,451.42,10
P1523,S599,Tablet,Accessories,345,952.4,13,76.82,100,12381.2,139,971.01,101.74,17
P7875,S241,Smartphone,Wearable Tech,436,413.96,244,25.83,250,101006.24,157,425.68,106.05,16
P8624,S218,Headphones,Electronics,451,1592.65,179,9.12,184,285084.35,177,1785.1,316.81,14
P3114,S756,Smartphone,Gadgets,391,882.52,230,51.75,114,202979.6,97,916.98,128.03,4
P8331,S397,Smartphone,Gadgets,63,961.27,53,46.91,58,50947.31,7,1150.89,298.57,18
P8330,S595,Smartphone,Accessories,8,1460.53,154,28.22,183,224921.62,0,1699.56,181.44,10
P2512,S749,Laptop,Gadgets,299,1183.27,137,9.81,209,162107.99,56,1319.17,254.72,12
P1901,S528,Smartwatch,Electronics,32,134.79,226,45.17,34,30462.54,8,136.38,28.74,5
P9906,S484,Tablet,Gadgets,54,518.75,90,19.65,195,46687.5,12,622.05,121.97,19
P1019,S309,Tablet,Gadgets,376,231.68,50,52.13,191,11584.0,52,233.41,64.09,1
P3761,S576,Smartwatch,Gadgets,242,1131.99,225,87.03,187,254697.75,65,1151.05,327.17,13
P6925,S193,Tablet,Electronics,206,1876.42,113,59.06,199,212035.46,32,2067.12,679.68,9
P3679,S480,Tablet,Gadgets,128,1672.34,113,90.42,22,188974.42,34,1911.44,272.86,19
P9119,S167,Smartphone,Gadgets,223,1001.31,73,97.84,188,73095.63,48,1047.96,205.25,6
P9790,S251,Laptop,Accessories,291,1691.82,211,90.5,335,356974.02,49,1776.47,638.58,16
P8536,S657,Laptop,Gadgets,51,1987.91,57,22.9,312,113310.87,20,1847.3,437.53,3
P2057,S658,Smartwatch,Accessories,175,1366.14,143,58.68,93,195358.02,26,1365.15,532.11,4
P2136,S151,Smartphone,Accessories,16,114.35,250,77.12,4,28587.5,6,111.28,26.01,19
P1317,S586,Laptop,Gadgets,86,1083.95,169,35.62,92,183187.55,32,1102.98,364.24,20
P1689,S669,Laptop,Electronics,455,101.38,122,66.97,170,12368.36,210,106.4,17.03,20
P9829,S512,Smartwatch,Electronics,192,1199.92,96,70.9,330,115192.32,85,1213.14,134.87,16
P8670,S518,Smartwatch,Electronics,390,769.04,264,89.83,357,203026.56,88,830.63,190.95,14
P8256,S316,Camera,Gadgets,413,1312.18,69,27.18,246,90540.42,188,1209.38,249.74,19
P1966,S770,Camera,Gadgets,298,1222.31,99,74.19,80,121008.69,72,1332.88,473.72,4
P1709,S467,Laptop,Wearable Tech,340,376.08,118,28.63,27,44377.44,105,341.86,118.03,16
P6627,S848,Camera,Electronics,295,417.43,120,65.23,190,50091.6,117,460.66,158.02,5
P5893,S611,Smartwatch,Wearable Tech,196,1761.15,1,36.45,42,1761.15,50,1768.05,229.05,11
P5001,S710,Headphones,Wearable Tech,37,1364.8,62,43.64,245,84617.6,7,1318.54,164.73,4
P7223,S832,Camera,Wearable Tech,344,1880.1,75,76.79,114,141007.5,158,1721.23,421.02,8
P7779,S373,Smartphone,Electronics,320,594.28,216,63.25,251,128364.48,153,625.96,211.96,18
P5785,S413,Camera,Accessories,70,1061.37,292,37.68,78,309920.04,14,1028.71,183.14,19
P6001,S145,Laptop,Gadgets,133,1098.18,163,1.75,39,179003.34,32,1254.85,297.15,7
P4209,S464,Camera,Wearable Tech,169,424.34,270,16.33,117,114571.8,33,509.04,119.06,20
P5819,S785,Laptop,Wearable Tech,155,946.91,189,20.89,159,178965.99,51,939.12,195.01,9
P8472,S844,Smartwatch,Electronics,256,1852.27,142,18.35,30,263022.34,98,1793.73,595.87,16
P3601,S113,Smartphone,Wearable Tech,389,949.81,27,59.76,17,25644.87,50,1068.71,257.69,1
P2698,S574,Laptop,Electronics,355,930.75,19,58.79,253,17684.25,176,1058.33,116.56,6
P4158,S318,Tablet,Accessories,82,1412.67,229,51.6,54,323501.43,12,1310.75,289.14,16
P2758,S863,Tablet,Gadgets,133,1224.65,92,49.93,224,112667.8,16,1308.09,349.0,15
P7345,S532,Headphones,Electronics,371,1104.72,130,21.68,57,143613.6,101,1052.08,123.65,3
P3365,S404,Smartwatch,Electronics,141,1045.34,38,14.13,58,39722.92,48,1246.12,189.34,13
P7547,S299,Smartwatch,Electronics,259,765.83,139,93.86,10,106450.37,28,882.26,270.47,10
P3219,S271,Camera,Gadgets,226,964.67,158,23.99,93,152417.86,60,958.86,217.07,7
P9554,S870,Smartwatch,Gadgets,86,1679.56,238,31.55,150,399735.28,25,1749.02,513.0,15
P5596,S402,Headphones,Accessories,300,1978.63,2,55.88,135,3957.26,121,2270.15,296.97,19
P7506,S993,Smartwatch,Electronics,429,1507.96,226,64.74,67,340798.96,122,1410.62,552.69,1
P5990,S109,Headphones,Gadgets,307,326.87,207,98.2,63,67662.09,108,321.36,72.64,4
P6685,S806,Camera,Wearable Tech,498,245.94,188,45.39,90,46236.72,97,266.15,59.16,6
P6027,S162,Smartwatch,Wearable Tech,317,1488.25,151,34.12,181,224725.75,90,1457.52,186.41,20
P2618,S265,Smartwatch,Wearable Tech,142,270.65,54,68.92,29,14615.1,26,295.75,63.5,14
P8710,S934,Camera,Electronics,67,881.93,59,23.76,269,52033.87,28,892.64,110.97,8
P1057,S530,Camera,Wearable Tech,133,1779.98,163,47.64,339,290136.74,30,2082.53,469.0,8
P9274,S101,Laptop,Electronics,339,1051.28,221,89.68,171,232332.88,60,1037.01,296.12,18
P3943,S458,Smartwatch,Accessories,208,1191.12,265,65.29,157,315646.8,99,1362.33,249.54,13
P2851,S906,Camera,Accessories,90,1889.18,179,36.01,141,338163.22,40,1852.65,618.05,1
P7057,S725,Camera,Wearable Tech,152,1952.4,117,24.51,328,228430.8,35,1951.64,518.55,18
P9755,S143,Smartphone,Electronics,420,554.44,70,22.26,24,38810.8,191,566.87,149.49,13
P5547,S617,Tablet,Electronics,303,199.8,278,28.77,129,55544.4,114,198.15,52.16,19
P4102,S569,Headphones,Wearable Tech,222,1935.49,78,27.14,175,150968.22,35,2238.24,376.13,4
P9042,S957,Camera,Wearable Tech,401,1397.13,58,37.08,223,81033.54,169,1619.56,236.22,5
P9722,S481,Smartwatch,Electronics,107,196.5,253,74.1,103,49714.5,24,181.94,48.99,17
P9194,S967,Camera,Electronics,71,267.37,294,24.51,185,78606.78,18,298.37,50.42,11
P7620,S699,Smartwatch,Accessories,265,509.15,289,73.22,86,147144.35,63,543.59,69.16,19
P9210,S113,Laptop,Accessories,156,1421.31,147,91.84,67,208932.57,50,1613.96,369.65,11
P2909,S524,Smartwatch,Accessories,145,525.53,120,43.4,234,63063.6,63,568.35,110.21,4
P9140,S720,Camera,Gadgets,358,1516.73,144,37.41,7,218409.12,85,1635.42,300.99,13
P3135,S584,Laptop,Accessories,282,1825.66,90,11.17,247,164309.4,100,2066.75,551.02,1
P7501,S768,Headphones,Electronics,230,1823.8,37,25.22,277,67480.6,107,1910.55,321.93,17
P5020,S498,Smartwatch,Accessories,13,315.06,287,33.68,196,90422.22,3,289.89,95.39,17
P7332,S644,Smartphone,Wearable Tech,204,156.74,253,57.38,194,39655.22,32,182.52,46.8,9
P7132,S884,Tablet,Electronics,310,1536.29,112,76.8,89,172064.48,39,1632.06,292.74,6
P6960,S604,Headphones,Wearable Tech,243,371.81,85,7.58,150,31603.85,81,345.2,65.54,4
P2677,S813,Smartphone,Accessories,361,1968.45,196,15.63,180,385816.2,105,2315.32,555.28,15
P4386,S519,Headphones,Wearable Tech,124,1361.01,18,89.94,46,24498.18,21,1620.02,222.27,20
P1418,S836,Smartphone,Gadgets,396,1409.83,44,19.98,277,62032.52,108,1661.25,265.9,2
P8714,S489,Tablet,Accessories,276,1859.27,228,6.56,7,423913.56,131,2102.41,330.04,10
P2537,S330,Headphones,Wearable Tech,70,1767.47,257,93.78,156,454239.79,31,1625.76,240.52,13
P7803,S125,Camera,Wearable Tech,156,1578.16,294,97.06,189,463979.04,50,1869.52,368.65,8
P9025,S796,Laptop,Accessories,288,503.36,40,40.33,37,20134.4,130,458.12,60.52,4
P4191,S706,Laptop,Wearable Tech,399,1756.34,213,68.22,115,374100.42,44,2066.5,681.23,14
P2529,S924,Headphones,Gadgets,116,1711.27,116,60.76,284,198507.32,47,1600.81,269.03,16
P3025,S615,Camera,Electronics,48,808.27,184,93.83,300,148721.68,12,862.4,280.63,6
P1649,S988,Smartphone,Accessories,352,1697.81,53,45.69,173,89983.93,175,1929.12,558.05,4
P9764,S615,Tablet,Accessories,179,1462.98,281,75.32,160,411097.38,33,1621.44,246.68,20
P1410,S695,Tablet,Gadgets,128,382.82,27,40.84,68,10336.14,13,362.44,86.81,20
P7458,S670,Camera,Gadgets,337,1360.06,20,88.68,95,27201.2,42,1494.76,482.3,13
P9885,S878,Tablet,Wearable Tech,194,1142.68,248,16.88,348,283384.64,70,1219.74,169.57,2
P9907,S134,Smartwatch,Electronics,434,1715.16,185,75.94,111,317304.6,187,1865.42,555.05,20
P5708,S632,Camera,Electronics,374,652.07,59,6.43,326,38472.13,56,593.74,94.27,1
P4316,S811,Smartphone,Wearable Tech,250,186.93,165,89.0,340,30843.45,44,173.59,73.27,8
P3806,S401,Tablet,Electronics,132,652.83,248,96.75,282,161901.84,46,749.64,246.64,11
P2806,S316,Camera,Electronics,322,1357.99,84,11.66,158,114071.16,117,1225.94,289.96,16
P7304,S994,Smartwatch,Electronics,82,943.61,166,56.9,75,156639.26,10,1095.62,277.2,11
P4318,S828,Camera,Accessories,7,1412.97,11,89.32,275,15542.67,1,1518.19,164.27,7
P1230,S811,Headphones,Wearable Tech,411,1477.94,228,59.19,181,336970.32,135,1452.47,220.47,1
P7410,S974,Smartwatch,Accessories,78,1144.02,103,30.35,146,117834.06,35,1046.77,240.83,17
P3900,S368,Tablet,Electronics,472,208.47,85,81.36,191,17719.95,49,236.21,74.65,10
P6526,S642,Camera,Wearable Tech,251,695.07,37,52.65,66,25717.59,80,690.82,77.92,1
P5583,S897,Smartphone,Gadgets,492,1161.25,153,79.9,237,177671.25,119,1073.66,255.83,16
P6255,S294,Tablet,Accessories,364,1974.5,73,28.25,327,144138.5,122,2066.26,490.76,20
P7874,S497,Smartwatch,Accessories,243,1983.74,274,3.04,205,543544.76,49,2127.0,346.35,5
P8925,S707,Laptop,Wearable Tech,425,1160.82,69,33.1,325,80096.58,53,1126.16,437.84,19
P4113,S585,Smartphone,Gadgets,474,812.65,131,83.76,311,106457.15,172,823.91,196.95,14
P9141,S260,Tablet,Wearable Tech,471,1836.53,204,91.88,229,374652.12,148,2026.82,684.44,17
P2757,S167,Smartwatch,Gadgets,451,1367.57,185,66.13,43,253000.45,180,1528.66,288.74,17
P8067,S888,Tablet,Gadgets,477,1143.27,242,63.53,235,276671.34,151,1238.58,334.59,17
P5329,S753,Tablet,Gadgets,54,1258.53,298,68.34,135,375041.94,26,1322.78,307.36,18
P2757,S646,Camera,Wearable Tech,117,132.93,180,85.25,85,23927.4,29,132.68,41.67,15
P7160,S736,Tablet,Gadgets,207,945.49,2,43.24,96,1890.98,65,960.14,163.67,1
P1219,S597,Camera,Electronics,330,1692.87,171,10.95,186,289480.77,159,1881.44,405.21,10
P6787,S165,Smartphone,Gadgets,416,1700.29,280,83.8,235,476081.2,168,1968.08,564.28,19
P9760,S542,Headphones,Gadgets,463,699.85,178,29.58,140,124573.3,123,758.42,272.26,7
P1940,S317,Camera,Accessories,318,1621.09,125,78.54,355,202636.25,110,1599.25,549.39,14
P9336,S963,Camera,Accessories,256,1704.78,222,25.82,360,378461.16,123,1884.54,647.89,2
P5200,S757,Tablet,Gadgets,286,906.83,23,31.41,229,20857.09,73,888.76,317.47,17
P5775,S626,Smartphone,Accessories,28,358.0,147,56.22,334,52626.0,10,426.21,135.93,5
P6017,S448,Smartphone,Wearable Tech,355,1475.92,177,63.36,122,261237.84,78,1466.64,460.11,9
P8664,S131,Laptop,Electronics,456,991.67,191,68.82,184,189408.97,163,897.7,349.08,5
P8360,S821,Smartphone,Wearable Tech,245,1516.57,139,79.42,29,210803.23,36,1782.76,392.03,7
P7567,S675,Tablet,Wearable Tech,353,188.59,82,93.75,53,15464.38,35,224.59,52.63,7
P1538,S832,Tablet,Gadgets,268,83.48,218,73.26,308,18198.64,37,90.15,28.82,9
P3284,S438,Smartphone,Accessories,317,1765.84,294,82.08,125,519156.96,86,1700.82,528.44,13
P8666,S390,Smartwatch,Wearable Tech,45,677.92,256,94.29,128,173547.52,8,780.07,79.44,11
P1449,S684,Camera,Gadgets,448,187.17,66,70.87,341,12353.22,156,203.68,53.25,6
P6202,S775,Smartphone,Accessories,470,1427.72,274,84.12,142,391195.28,56,1694.95,378.73,16
P5314,S801,Camera,Accessories,267,1769.66,137,81.87,236,242443.42,51,1601.37,521.86,10
P3590,S582,Laptop,Gadgets,420,1046.85,203,0.17,245,212510.55,191,1003.41,311.74,9
P1223,S595,Smartwatch,Wearable Tech,59,1808.83,9,93.79,329,16279.47,21,1827.59,437.13,6
P7459,S463,Laptop,Gadgets,212,1404.85,149,26.43,127,209322.65,56,1411.04,553.68,2
P8918,S352,Smartwatch,Accessories,313,1301.63,50,65.17,75,65081.5,118,1480.54,481.27,13
P5289,S981,Smartphone,Gadgets,434,113.05,50,88.24,189,5652.5,187,114.36,33.61,16
P6023,S806,Smartwatch,Gadgets,60,543.29,37,58.56,130,20101.73,7,618.57,199.09,1
P8485,S388,Tablet,Accessories,317,1647.34,55,81.03,49,90603.7,47,1753.44,641.67,5
P3006,S121,Laptop,Accessories,335,1417.47,76,63.64,119,107727.72,94,1586.41,566.78,15
P9942,S212,Camera,Gadgets,480,1985.05,169,19.66,89,335473.45,207,2168.19,743.56,15
P1886,S414,Smartwatch,Gadgets,86,1959.65,240,36.32,172,470316.0,41,2297.58,781.97,7
P9093,S604,Headphones,Accessories,252,433.58,154,2.57,212,66771.32,59,425.62,56.52,7
P9826,S146,Headphones,Electronics,26,1984.55,172,22.31,144,341342.6,5,2175.94,593.53,5
P7766,S920,Smartwatch,Gadgets,257,1732.15,137,91.01,262,237304.55,44,1952.76,574.07,20
P1824,S565,Headphones,Accessories,310,1298.52,219,30.89,269,284375.88,46,1341.15,337.04,14
P6974,S398,Camera,Accessories,470,1343.84,100,98.51,305,134384.0,74,1259.0,326.07,12
P1114,S789,Tablet,Wearable Tech,215,1348.86,44,45.74,353,59349.84,78,1441.88,458.3,17
P4601,S495,Smartphone,Gadgets,111,260.72,156,32.24,11,40672.32,36,256.55,85.44,1
P3450,S732,Headphones,Wearable Tech,35,376.05,135,69.52,135,50766.75,8,400.8,106.78,6
P1210,S284,Smartphone,Wearable Tech,67,1136.27,56,51.19,94,63631.12,30,1049.28,399.31,14
P4670,S523,Camera,Wearable Tech,451,1550.34,199,80.76,29,308517.66,172,1656.72,608.72,13
P6729,S567,Headphones,Electronics,367,865.52,226,24.45,129,195607.52,147,972.99,308.19,5
P2143,S814,Camera,Accessories,185,1928.82,144,89.21,255,277750.08,68,2014.12,279.35,7
P7360,S893,Tablet,Gadgets,183,843.34,32,38.64,233,26986.88,53,1004.09,301.8,18
P3332,S725,Camera,Electronics,80,1423.49,82,41.9,223,116726.18,12,1308.43,315.87,16
P6543,S756,Headphones,Accessories,126,645.75,290,85.67,181,187267.5,29,675.09,235.22,15
P7614,S671,Tablet,Gadgets,285,1423.4,292,14.57,189,415632.8,112,1676.33,247.79,7
P3907,S219,Tablet,Wearable Tech,237,998.52,206,42.38,39,205695.12,33,945.73,108.96,17
P4637,S609,Smartphone,Electronics,245,108.0,166,66.64,21,17928.0,54,124.85,32.53,3
P3523,S923,Tablet,Gadgets,8,513.31,175,78.98,296,89829.25,2,612.76,183.15,15
P3543,S597,Headphones,Wearable Tech,457,841.56,142,63.96,152,119501.52,179,875.13,266.4,10
P6580,S691,Laptop,Wearable Tech,298,1521.15,27,38.08,5,41071.05,29,1435.12,165.79,12
P5301,S267,Laptop,Accessories,13,1621.13,19,13.57,158,30801.47,4,1903.5,172.14,19
P2097,S780,Smartphone,Accessories,248,1984.9,297,51.18,141,589515.3,29,1827.57,611.7,8
P1933,S458,Camera,Gadgets,257,1549.71,258,75.11,275,399825.18,44,1723.71,582.68,16
P7819,S921,Headphones,Gadgets,315,1163.25,224,71.94,280,260568.0,132,1077.8,155.07,17
P7204,S794,Smartwatch,Wearable Tech,386,1753.5,173,92.4,42,303355.5,95,2027.3,199.25,2
P7836,S528,Tablet,Wearable Tech,224,1106.74,273,86.83,281,302140.02,63,1326.07,435.07,17
P9517,S739,Camera,Accessories,446,829.41,48,95.17,339,39811.68,141,988.56,180.37,1
P7916,S989,Tablet,Gadgets,323,801.15,94,7.96,204,75308.1,90,790.03,112.32,3
P3477,S949,Headphones,Accessories,144,1845.3,40,11.25,36,73812.0,31,1893.82,600.26,10
P7798,S389,Camera,Electronics,303,1298.74,262,42.55,282,340269.88,38,1326.64,381.53,15
P4254,S930,Camera,Wearable Tech,415,1797.25,286,64.07,160,514013.5,88,2089.81,296.9,1
P2534,S843,Tablet,Gadgets,143,1868.91,87,1.45,238,162595.17,51,2071.26,385.0,12
P4283,S161,Laptop,Wearable Tech,310,281.79,260,99.09,38,73265.4,137,322.08,28.71,16
P1526,S392,Headphones,Electronics,166,1902.39,149,96.23,294,283456.11,26,1952.71,236.39,9
P5725,S974,Tablet,Electronics,366,105.85,118,71.44,83,12490.3,62,107.97,17.4,6
P2513,S778,Smartphone,Wearable Tech,148,1374.8,251,19.06,49,345074.8,59,1521.15,342.0,9
P6699,S814,Laptop,Accessories,491,1432.56,109,91.84,226,156149.04,210,1404.77,300.84,15
P2977,S175,Tablet,Accessories,497,1982.22,155,26.59,16,307244.1,205,2167.19,534.24,5
P6302,S744,Headphones,Electronics,291,534.44,143,94.2,119,76424.92,64,617.15,174.31,18
P1172,S719,Headphones,Wearable Tech,210,1832.57,283,44.88,184,518617.31,77,1709.23,612.98,18
P7056,S900,Smartwatch,Gadgets,83,1770.78,224,67.23,105,396654.72,19,1620.42,273.91,7
P9254,S479,Smartphone,Electronics,150,528.02,16,60.74,56,8448.32,72,614.07,204.07,1
P5489,S893,Smartphone,Gadgets,211,524.27,222,15.59,281,116387.94,86,599.28,177.77,8
P7315,S528,Headphones,Electronics,459,1865.96,293,48.74,269,546726.28,191,1888.13,540.93,18
P6870,S695,Tablet,Wearable Tech,214,1655.1,17,51.95,260,28136.7,64,1589.37,207.83,12
P8577,S461,Smartwatch,Wearable Tech,177,1008.01,2,66.4,193,2016.02,36,1158.68,180.15,11
P3955,S910,Smartwatch,Wearable Tech,263,889.38,239,57.41,190,212561.82,44,882.98,333.25,4
P1257,S619,Tablet,Wearable Tech,227,205.8,279,9.71,11,57418.2,82,188.45,70.73,15
P6775,S854,Laptop,Accessories,454,755.01,208,51.68,354,157042.08,70,822.08,232.57,4
P2816,S754,Laptop,Accessories,486,1964.84,153,71.82,246,300620.52,64,2153.68,747.95,10
P1911,S383,Laptop,Accessories,266,92.21,248,1.79,321,22868.08,94,109.41,22.52,16
P2679,S472,Laptop,Gadgets,257,98.3,81,66.77,335,7962.3,113,110.04,33.99,13
P4484,S736,Headphones,Gadgets,44,1544.92,95,73.56,29,146767.4,10,1555.73,561.21,6
P1520,S679,Headphones,Wearable Tech,240,816.55,222,66.75,235,181274.1,45,885.26,197.64,1
P6385,S669,Camera,Electronics,262,533.86,184,44.13,290,98230.24,63,490.51,174.0,19
P3405,S968,Headphones,Electronics,244,1986.18,213,65.72,142,423056.34,50,1908.68,652.86,4
P6732,S636,Camera,Electronics,32,1546.04,64,8.83,107,98946.56,8,1438.4,255.44,11
P9863,S272,Smartphone,Gadgets,192,838.79,31,54.76,261,26002.49,31,946.31,133.06,15
P6117,S789,Smartwatch,Wearable Tech,133,659.77,111,90.56,44,73234.47,42,760.66,184.83,18
P3397,S964,Camera,Electronics,21,901.91,181,13.09,211,163245.71,7,847.44,293.37,1
P1710,S984,Laptop,Accessories,74,770.0,146,71.23,13,112420.0,22,725.98,150.32,9
P8874,S377,Smartphone,Gadgets,343,1904.7,278,12.6,48,529506.6,151,1866.97,751.76,20
P1076,S337,Headphones,Gadgets,342,628.38,113,44.81,260,71006.94,116,638.74,208.12,13
P4789,S169,Smartwatch,Electronics,410,1141.58,3,59.76,16,3424.74,133,1028.19,346.31,11
P4930,S690,Laptop,Wearable Tech,113,1258.8,29,11.7,133,36505.2,55,1502.59,427.37,16
P9284,S305,Smartwatch,Wearable Tech,244,1160.76,160,20.58,78,185721.6,98,1365.73,425.99,1
